[
  {
    "title": "Spirited Away",
    "genre": ["Animation", "Adventure", "Fantasy"],
    "director": "Hayao Miyazaki",
    "release_year": 2001,
    "plot": "During her family's move to the suburbs, a sullen 10-year-old girl wanders into a world ruled by gods, witches and spirits, and where humans are changed into beasts.",
    "rating": 8.6,
    "language": "Japanese",
    "runtime": 125,
    "awards": [
      {
        "award": "Oscar",
        "year": 2003
      },
      {
        "award": "Golden Berlin Bear",
        "year": 2002
      }]
  },
  {
    "title": "My Neighbor Totoro",
    "genre": ["Animation", "Family", "Fantasy"],
    "director": "Hayao Miyazaki",
    "release_year": 1988,
    "plot": "When two girls move to the country to be near their ailing mother, they have adventures with the wondrous forest spirits who live nearby.",
    "rating": 8.2,
    "language": "Japanese",
    "runtime": 86,
    "production_company": "Studio Ghibli"
  },
  {
    "title": "Princess Mononoke",
    "genre": ["Animation", "Action", "Drama"],
    "director": "Hayao Miyazaki",
    "release_year": 1997,
    "plot": "On a journey to find the cure for a Tatarigami's curse, Ashitaka finds himself in the middle of a war between the forest gods and Tatara, a mining colony. In this quest he also meets San, the Mononoke Hime.",
    "rating": 8.4,
    "language": "Japanese",
    "runtime": 134
  },
  {
    "title": "Howl's Moving Castle",
    "genre": ["Animation", "Adventure", "Family"],
    "director": "Hayao Miyazaki",
    "release_year": 2004,
    "plot": "When an unconfident young woman is cursed with an old body by a spiteful witch, her only chance of breaking the spell lies with a self-indulgent yet insecure young wizard and his companions in his legged, walking castle.",
    "rating": 8.2,
    "language": "Japanese",
    "runtime": 119
  },
  {
    "title": "Kiki's Delivery Service",
    "genre": ["Animation", "Adventure", "Family"],
    "director": "Hayao Miyazaki",
    "release_year": 1989,
    "plot": "A young witch named Kiki sets out on her own to start a delivery service in a seaside town, learning about independence and responsibility.",
    "rating": 7.9,
    "language": "Japanese",
    "runtime": 103,
    "production_company": "Studio Ghibli"
  },
  {
    "title": "Laputa: Castle in the Sky",
    "genre": ["Adventure", "Fantasy", "Sci-Fi"],
    "director": "Hayao Miyazaki",
    "release_year": 1986,
    "plot": "A young girl and a boy team up to find a mysterious floating island, which is the key to an ancient and powerful civilization.",
    "rating": 8.0,
    "language": "Japanese",
    "runtime": 124
  },
  {
    "title": "Ponyo",
    "genre": ["Animation", "Adventure", "Family", "Romance"],
    "director": "Hayao Miyazaki",
    "release_year": 2008,
    "plot": "A five-year-old boy develops a relationship with Ponyo, a young goldfish princess who longs to become a human after falling in love with him.",
    "rating": 7.7,
    "language": "Japanese",
    "runtime": 101
  },
  {
    "title": "Pom Poko",
    "genre": ["Animation", "Comedy", "Drama"],
    "director": "Isao Takahata",
    "release_year": 1994,
    "plot": "A community of magical shape-shifting raccoon dogs struggle to prevent their forest home from being destroyed by urban development.",
    "rating": 7.3,
    "language": "Japanese",
    "runtime": 119
  },
  {
    "title": "The Tale of the Princess Kaguya",
    "genre": ["Animation", "Drama", "Fantasy", "Romance"],
    "director": "Isao Takahata",
    "release_year": 2013,
    "plot": "A poor bamboo cutter finds a tiny, glowing child in a bamboo stalk and raises her into a woman of extraordinary beauty, leading to a tale of love, loss, and fate.",
    "rating": 8.0,
    "language": "Japanese",
    "runtime": 137,
    "awards": [
      {
        "award": "Academy Award",
        "year": 2015
      },
      {
        "award": "LAFCA Award",
        "year": 2014
      }]
  },
  {
    "title": "Grave of the Fireflies",
    "genre": ["Animation", "Drama", "War", "Historical"],
    "director": "Isao Takahata",
    "release_year": 1988,
    "plot": "Two siblings struggle to survive in Japan during the final months of World War II, depicting the harsh realities of war.",
    "rating": 8.5,
    "language": "Japanese",
    "runtime": 89,
    "production_company": "Studio Ghibli",
    "awards": [
      {
        "award": "Blue Ribbon",
        "year": 1989
      },
      {
        "award": "Animated Feature Film",
        "year": 1994
      }]
  }
]
